model,auc
logistic_regression,0.8428479607552168
random_forest,0.8716453670042366
